,cost,n_pass,flight
0,137.5,24.0,4296.0
1,137.5,33.0,4296.0
2,137.5,24.0,4296.0
3,137.5,44.0,4296.0
4,137.5,35.0,4295.0
5,137.5,18.0,4295.0
6,137.5,35.0,4295.0
7,137.5,18.0,4295.0
8,137.5,62.0,4298.0
9,137.5,18.0,4298.0
10,137.5,51.0,4298.0
11,137.5,18.0,4298.0
12,175.0,32.0,4229.0
13,175.0,22.0,4229.0
14,175.0,32.0,4229.0
15,175.0,22.0,4229.0
16,187.5,22.0,4232.0
17,187.5,16.0,4232.0
18,187.5,22.0,4232.0
19,187.5,16.0,4232.0
20,137.5,29.0,4301.0
21,137.5,11.0,4301.0
22,137.5,29.0,4301.0
23,137.5,11.0,4301.0
24,175.0,71.0,4618.0
25,175.0,8.0,4618.0
26,175.0,40.0,4618.0
27,175.0,39.0,4618.0
28,150.0,32.0,4617.0
29,150.0,15.0,4617.0
30,150.0,32.0,4617.0
31,150.0,15.0,4617.0
32,250.0,36.0,4619.0
33,250.0,13.0,4619.0
34,250.0,67.0,4619.0
35,250.0,13.0,4619.0
36,250.0,32.0,4620.0
37,250.0,22.0,4620.0
38,250.0,32.0,4620.0
39,250.0,22.0,4620.0
40,200.0,67.0,2624.0
41,200.0,13.0,2624.0
42,200.0,25.0,2624.0
43,200.0,36.0,2624.0
44,212.5,44.0,2623.0
45,212.5,10.0,2623.0
46,212.5,11.0,2623.0
47,212.5,8.0,2623.0
48,200.0,25.0,2630.0
49,200.0,12.0,2630.0
50,200.0,50.0,2630.0
51,200.0,7.0,2630.0
52,212.5,17.0,2629.0
53,212.5,10.0,2629.0
54,212.5,29.0,2629.0
55,212.5,10.0,2629.0
56,212.5,22.0,3064.0
57,212.5,16.0,3064.0
58,212.5,23.0,3064.0
59,212.5,15.0,3064.0
60,200.0,25.0,3069.0
61,200.0,12.0,3069.0
62,200.0,25.0,3069.0
63,200.0,12.0,3069.0
64,212.5,25.0,3074.0
65,212.5,12.0,3074.0
66,212.5,63.0,3074.0
67,212.5,13.0,3074.0
68,200.0,22.0,3077.0
69,200.0,12.0,3077.0
70,200.0,24.0,3077.0
71,200.0,10.0,3077.0
72,212.5,23.0,3082.0
73,212.5,10.0,3082.0
74,212.5,25.0,3082.0
75,212.5,26.0,3082.0
76,200.0,25.0,3085.0
77,200.0,11.0,3085.0
78,200.0,21.0,3085.0
79,200.0,12.0,3085.0
80,212.5,21.0,3092.0
81,212.5,14.0,3092.0
82,212.5,24.0,3092.0
83,212.5,13.0,3092.0
84,200.0,29.0,3095.0
85,200.0,14.0,3095.0
86,200.0,31.0,3095.0
87,200.0,13.0,3095.0
88,200.0,25.0,3065.0
89,200.0,13.0,3065.0
90,200.0,24.0,3065.0
91,200.0,13.0,3065.0
92,212.5,66.0,3070.0
93,212.5,10.0,3070.0
94,212.5,21.0,3070.0
95,212.5,18.0,3070.0
96,200.0,25.0,3075.0
97,200.0,12.0,3075.0
98,200.0,24.0,3075.0
99,200.0,13.0,3075.0
100,212.5,32.0,3080.0
101,212.5,12.0,3080.0
102,212.5,67.0,3080.0
103,212.5,13.0,3080.0
104,200.0,24.0,3083.0
105,200.0,13.0,3083.0
106,200.0,24.0,3083.0
107,200.0,13.0,3083.0
108,212.5,24.0,3090.0
109,212.5,11.0,3090.0
110,212.5,26.0,3090.0
111,212.5,7.0,3090.0
112,200.0,34.0,3093.0
113,200.0,18.0,3093.0
114,200.0,28.0,3093.0
115,200.0,18.0,3093.0
116,175.0,21.0,3118.0
117,175.0,18.0,3118.0
118,175.0,36.0,3118.0
119,175.0,28.0,3118.0
120,162.5,22.0,3119.0
121,162.5,11.0,3119.0
122,162.5,21.0,3119.0
123,162.5,29.0,3119.0
124,175.0,46.0,3124.0
125,175.0,13.0,3124.0
126,175.0,89.0,3124.0
127,175.0,23.0,3124.0
128,162.5,22.0,3123.0
129,162.5,12.0,3123.0
130,162.5,107.0,3123.0
131,162.5,26.0,3123.0
132,175.0,27.0,3128.0
133,175.0,37.0,3128.0
134,175.0,88.0,3128.0
135,175.0,21.0,3128.0
136,162.5,25.0,3131.0
137,162.5,16.0,3131.0
138,162.5,53.0,3131.0
139,162.5,56.0,3131.0
140,175.0,32.0,3138.0
141,175.0,17.0,3138.0
142,175.0,44.0,3138.0
143,175.0,60.0,3138.0
144,225.0,55.0,4498.0
145,225.0,13.0,4498.0
146,225.0,24.0,4498.0
147,225.0,44.0,4498.0
148,175.0,18.0,4515.0
149,175.0,12.0,4515.0
150,175.0,20.0,4515.0
151,175.0,10.0,4515.0
152,175.0,20.0,4506.0
153,175.0,18.0,4506.0
154,175.0,23.0,4506.0
155,175.0,15.0,4506.0
156,150.0,22.0,4519.0
157,150.0,11.0,4519.0
158,150.0,18.0,4519.0
159,150.0,16.0,4519.0
160,162.5,42.0,4520.0
161,162.5,28.0,4520.0
162,162.5,25.0,4520.0
163,162.5,12.0,4520.0
164,212.5,22.0,4499.0
165,212.5,21.0,4499.0
166,212.5,24.0,4499.0
167,212.5,19.0,4499.0
168,200.0,53.0,3103.0
169,200.0,11.0,3103.0
170,200.0,20.0,3103.0
171,200.0,19.0,3103.0
172,212.5,54.0,3068.0
173,212.5,12.0,3068.0
174,212.5,25.0,3068.0
175,212.5,11.0,3068.0
176,200.0,19.0,3073.0
177,200.0,20.0,3073.0
178,200.0,25.0,3073.0
179,200.0,12.0,3073.0
180,212.5,54.0,3088.0
181,212.5,11.0,3088.0
182,212.5,19.0,3088.0
183,212.5,39.0,3088.0
184,200.0,19.0,3081.0
185,200.0,17.0,3081.0
186,200.0,26.0,3081.0
187,200.0,11.0,3081.0
188,212.5,60.0,3102.0
189,212.5,17.0,3102.0
190,212.5,42.0,3102.0
191,212.5,30.0,3102.0
192,468.0,6.0,4600.0
193,200.0,10.0,4600.0
194,468.0,3.0,4600.0
195,200.0,9.0,4600.0
196,468.0,5.0,4600.0
197,200.0,9.0,4600.0
198,468.0,4.0,4600.0
199,200.0,7.0,4600.0
200,438.8,5.0,4599.0
201,187.5,9.0,4599.0
202,438.8,2.0,4599.0
203,187.5,4.0,4599.0
204,438.8,6.0,4599.0
205,187.5,10.0,4599.0
206,438.8,3.0,4599.0
207,187.5,5.0,4599.0
208,468.0,14.0,4602.0
209,200.0,22.0,4602.0
210,468.0,4.0,4602.0
211,200.0,7.0,4602.0
212,468.0,13.0,4602.0
213,200.0,22.0,4602.0
214,468.0,2.0,4602.0
215,200.0,9.0,4602.0
216,438.8,5.0,4601.0
217,187.5,10.0,4601.0
218,438.8,3.0,4601.0
219,187.5,5.0,4601.0
220,438.8,5.0,4601.0
221,187.5,8.0,4601.0
222,438.8,4.0,4601.0
223,187.5,7.0,4601.0
224,468.0,6.0,4596.0
225,200.0,10.0,4596.0
226,468.0,3.0,4596.0
227,200.0,6.0,4596.0
228,468.0,6.0,4596.0
229,200.0,19.0,4596.0
230,468.0,3.0,4596.0
231,200.0,5.0,4596.0
232,438.8,5.0,4595.0
233,187.5,13.0,4595.0
234,438.8,3.0,4595.0
235,187.5,9.0,4595.0
236,438.8,5.0,4595.0
237,187.5,13.0,4595.0
238,438.8,3.0,4595.0
239,187.5,7.0,4595.0
240,225.0,26.0,4656.0
241,225.0,17.0,4656.0
242,225.0,33.0,4656.0
243,225.0,19.0,4656.0
244,212.5,27.0,4645.0
245,212.5,15.0,4645.0
246,212.5,30.0,4645.0
247,212.5,22.0,4645.0
248,225.0,24.0,4648.0
249,225.0,19.0,4648.0
250,225.0,76.0,4648.0
251,225.0,16.0,4648.0
252,212.5,25.0,4649.0
253,212.5,14.0,4649.0
254,212.5,92.0,4649.0
255,212.5,16.0,4649.0
256,225.0,24.0,4652.0
257,225.0,17.0,4652.0
258,225.0,71.0,4652.0
259,225.0,13.0,4652.0
260,212.5,33.0,4655.0
261,212.5,12.0,4655.0
262,212.5,54.0,4655.0
263,212.5,74.0,4655.0
264,200.0,28.0,3107.0
265,200.0,28.0,3107.0
266,200.0,30.0,3107.0
267,200.0,12.0,3107.0
268,212.5,27.0,3108.0
269,212.5,39.0,3108.0
270,212.5,23.0,3108.0
271,212.5,21.0,3108.0
272,200.0,28.0,3097.0
273,200.0,15.0,3097.0
274,200.0,27.0,3097.0
275,200.0,17.0,3097.0
276,212.5,66.0,3086.0
277,212.5,26.0,3086.0
278,212.5,75.0,3086.0
279,212.5,21.0,3086.0
280,162.5,28.0,3127.0
281,162.5,11.0,3127.0
282,162.5,25.0,3127.0
283,162.5,17.0,3127.0
284,175.0,20.0,3134.0
285,175.0,18.0,3134.0
286,175.0,29.0,3134.0
287,175.0,14.0,3134.0
288,150.0,27.0,4165.0
289,150.0,18.0,4165.0
290,150.0,28.0,4165.0
291,150.0,16.0,4165.0
292,150.0,24.0,4170.0
293,150.0,21.0,4170.0
294,150.0,27.0,4170.0
295,150.0,16.0,4170.0
296,150.0,26.0,4171.0
297,150.0,19.0,4171.0
298,150.0,25.0,4171.0
299,150.0,15.0,4171.0
300,150.0,27.0,4180.0
301,150.0,12.0,4180.0
302,150.0,29.0,4180.0
303,150.0,14.0,4180.0
304,468.0,5.0,3067.0
305,200.0,7.0,3067.0
306,468.0,4.0,3067.0
307,200.0,5.0,3067.0
308,200.0,17.0,3067.0
309,200.0,3.0,3067.0
310,250.0,4.0,4784.0
311,250.0,2.0,4784.0
312,250.0,10.0,4784.0
313,250.0,11.0,4784.0
314,438.8,14.0,4679.0
315,187.5,13.0,4679.0
316,438.8,4.0,4679.0
317,187.5,14.0,4679.0
318,187.5,12.0,4679.0
319,187.5,3.0,4679.0
320,438.8,8.0,4678.0
321,187.5,15.0,4678.0
322,438.8,4.0,4678.0
323,187.5,7.0,4678.0
324,187.5,14.0,4678.0
325,187.5,5.0,4678.0
326,162.5,28.0,3117.0
327,162.5,15.0,3117.0
328,162.5,100.0,3117.0
329,162.5,19.0,3117.0
330,175.0,47.0,3144.0
331,175.0,20.0,3144.0
332,175.0,93.0,3144.0
333,175.0,13.0,3144.0
334,187.5,27.0,2869.0
335,187.5,17.0,2869.0
336,187.5,65.0,2869.0
337,187.5,69.0,2869.0
338,175.0,16.0,2878.0
339,175.0,26.0,2878.0
340,175.0,78.0,2878.0
341,175.0,23.0,2878.0
342,162.5,28.0,3135.0
343,162.5,27.0,3135.0
344,162.5,70.0,3135.0
345,162.5,25.0,3135.0
346,225.0,22.0,4544.0
347,225.0,21.0,4544.0
348,225.0,21.0,4544.0
349,225.0,24.0,4544.0
350,212.5,29.0,4547.0
351,212.5,19.0,4547.0
352,212.5,30.0,4547.0
353,212.5,18.0,4547.0
354,351.0,9.0,4684.0
355,150.0,24.0,4684.0
356,351.0,2.0,4684.0
357,150.0,4.0,4684.0
358,150.0,74.0,4684.0
359,150.0,18.0,4684.0
360,351.0,5.0,4685.0
361,150.0,10.0,4685.0
362,351.0,3.0,4685.0
363,150.0,6.0,4685.0
364,150.0,46.0,4685.0
365,150.0,14.0,4685.0
366,526.5,3.0,4526.0
367,225.0,6.0,4526.0
368,526.5,2.0,4526.0
369,225.0,3.0,4526.0
370,225.0,69.0,4526.0
371,225.0,31.0,4526.0
372,497.2,9.0,4533.0
373,212.5,15.0,4533.0
374,497.2,2.0,4533.0
375,212.5,5.0,4533.0
376,212.5,36.0,4533.0
377,212.5,43.0,4533.0
378,212.5,28.0,4523.0
379,212.5,26.0,4523.0
380,212.5,24.0,4523.0
381,212.5,19.0,4523.0
382,225.0,30.0,4524.0
383,225.0,39.0,4524.0
384,225.0,22.0,4524.0
385,225.0,21.0,4524.0
386,212.5,29.0,4527.0
387,212.5,12.0,4527.0
388,212.5,50.0,4527.0
389,212.5,15.0,4527.0
390,225.0,72.0,4530.0
391,225.0,13.0,4530.0
392,225.0,39.0,4530.0
393,225.0,15.0,4530.0
394,212.5,39.0,4531.0
395,212.5,17.0,4531.0
396,212.5,32.0,4531.0
397,212.5,25.0,4531.0
398,225.0,44.0,4534.0
399,225.0,17.0,4534.0
400,225.0,68.0,4534.0
401,225.0,21.0,4534.0
402,409.5,6.0,4514.0
403,175.0,10.0,4514.0
404,409.5,3.0,4514.0
405,175.0,5.0,4514.0
406,409.5,6.0,4514.0
407,175.0,10.0,4514.0
408,409.5,3.0,4514.0
409,175.0,16.0,4514.0
410,409.5,6.0,4503.0
411,175.0,11.0,4503.0
412,409.5,2.0,4503.0
413,175.0,4.0,4503.0
414,409.5,5.0,4503.0
415,175.0,10.0,4503.0
416,409.5,3.0,4503.0
417,175.0,6.0,4503.0
418,409.5,6.0,4516.0
419,175.0,11.0,4516.0
420,409.5,2.0,4516.0
421,175.0,4.0,4516.0
422,409.5,7.0,4516.0
423,175.0,17.0,4516.0
424,409.5,4.0,4516.0
425,175.0,8.0,4516.0
426,409.5,5.0,4509.0
427,175.0,9.0,4509.0
428,409.5,3.0,4509.0
429,175.0,5.0,4509.0
430,409.5,4.0,4509.0
431,175.0,8.0,4509.0
432,409.5,4.0,4509.0
433,175.0,8.0,4509.0
434,175.0,7.0,4510.0
435,175.0,5.0,4510.0
436,409.5,1.0,4510.0
437,175.0,10.0,4510.0
438,409.5,1.0,4510.0
439,175.0,5.0,4510.0
440,409.5,4.0,4513.0
441,175.0,10.0,4513.0
442,409.5,4.0,4513.0
443,175.0,10.0,4513.0
444,409.5,6.0,4513.0
445,175.0,14.0,4513.0
446,409.5,2.0,4513.0
447,175.0,6.0,4513.0
448,200.0,28.0,4314.0
449,200.0,46.0,4314.0
450,200.0,55.0,4314.0
451,200.0,12.0,4314.0
452,187.5,39.0,4315.0
453,187.5,22.0,4315.0
454,187.5,43.0,4315.0
455,187.5,16.0,4315.0
456,200.0,57.0,4320.0
457,200.0,20.0,4320.0
458,200.0,60.0,4320.0
459,200.0,11.0,4320.0
460,187.5,68.0,4317.0
461,187.5,24.0,4317.0
462,187.5,33.0,4317.0
463,187.5,27.0,4317.0
464,200.0,42.0,4322.0
465,200.0,38.0,4322.0
466,200.0,45.0,4322.0
467,200.0,36.0,4322.0
468,187.5,26.0,4319.0
469,187.5,18.0,4319.0
470,187.5,29.0,4319.0
471,187.5,13.0,4319.0
472,200.0,39.0,4324.0
473,200.0,56.0,4324.0
474,200.0,40.0,4324.0
475,200.0,38.0,4324.0
476,187.5,17.0,4321.0
477,187.5,18.0,4321.0
478,187.5,28.0,4321.0
479,187.5,16.0,4321.0
480,212.5,44.0,4404.0
481,212.5,26.0,4404.0
482,212.5,58.0,4404.0
483,212.5,12.0,4404.0
484,187.5,53.0,4405.0
485,187.5,13.0,4405.0
486,187.5,24.0,4405.0
487,187.5,15.0,4405.0
488,200.0,67.0,4408.0
489,200.0,12.0,4408.0
490,200.0,43.0,4408.0
491,200.0,12.0,4408.0
492,187.5,75.0,4411.0
493,187.5,28.0,4411.0
494,187.5,43.0,4411.0
495,187.5,13.0,4411.0
496,200.0,53.0,4412.0
497,200.0,11.0,4412.0
498,200.0,25.0,4412.0
499,200.0,12.0,4412.0
500,187.5,30.0,4415.0
501,187.5,57.0,4415.0
502,187.5,29.0,4415.0
503,187.5,10.0,4415.0
504,200.0,79.0,4416.0
505,200.0,12.0,4416.0
506,200.0,40.0,4416.0
507,200.0,12.0,4416.0
508,187.5,35.0,4421.0
509,187.5,14.0,4421.0
510,187.5,23.0,4421.0
511,187.5,11.0,4421.0
512,212.5,40.0,4643.0
513,212.5,15.0,4643.0
514,212.5,15.0,4643.0
515,212.5,9.0,4643.0
516,200.0,24.0,2972.0
517,200.0,14.0,2972.0
518,200.0,24.0,2972.0
519,200.0,5.0,2972.0
520,250.0,29.0,4431.0
521,250.0,33.0,4431.0
522,250.0,28.0,4431.0
523,250.0,6.0,4431.0
524,250.0,64.0,4432.0
525,250.0,17.0,4432.0
526,250.0,15.0,4432.0
527,250.0,14.0,4432.0
528,250.0,37.0,4437.0
529,250.0,23.0,4437.0
530,250.0,25.0,4437.0
531,250.0,8.0,4437.0
532,250.0,86.0,4434.0
533,250.0,18.0,4434.0
534,250.0,18.0,4434.0
535,250.0,7.0,4434.0
536,212.5,33.0,4375.0
537,212.5,30.0,4375.0
538,212.5,56.0,4375.0
539,212.5,23.0,4375.0
540,225.0,64.0,4376.0
541,225.0,15.0,4376.0
542,225.0,72.0,4376.0
543,225.0,14.0,4376.0
544,200.0,23.0,3111.0
545,200.0,22.0,3111.0
546,200.0,26.0,3111.0
547,200.0,18.0,3111.0
548,212.5,75.0,3112.0
549,212.5,17.0,3112.0
550,212.5,60.0,3112.0
551,212.5,31.0,3112.0
552,200.0,41.0,4365.0
553,200.0,49.0,4365.0
554,200.0,65.0,4365.0
555,200.0,24.0,4365.0
556,212.5,55.0,4368.0
557,212.5,14.0,4368.0
558,212.5,46.0,4368.0
559,212.5,10.0,4368.0
560,212.5,29.0,4364.0
561,212.5,14.0,4364.0
562,212.5,26.0,4364.0
563,212.5,17.0,4364.0
564,200.0,37.0,4363.0
565,200.0,58.0,4363.0
566,200.0,42.0,4363.0
567,200.0,19.0,4363.0
568,212.5,60.0,4366.0
569,212.5,19.0,4366.0
570,212.5,44.0,4366.0
571,212.5,50.0,4366.0
572,200.0,75.0,4369.0
573,200.0,24.0,4369.0
574,200.0,75.0,4369.0
575,200.0,24.0,4369.0
576,212.5,55.0,4370.0
577,212.5,9.0,4370.0
578,212.5,23.0,4370.0
579,212.5,14.0,4370.0
580,200.0,33.0,4371.0
581,200.0,21.0,4371.0
582,200.0,36.0,4371.0
583,200.0,17.0,4371.0
584,200.0,74.0,4385.0
585,200.0,19.0,4385.0
586,200.0,38.0,4385.0
587,200.0,24.0,4385.0
588,212.5,78.0,4386.0
589,212.5,14.0,4386.0
590,212.5,42.0,4386.0
591,212.5,38.0,4386.0
592,200.0,46.0,4387.0
593,200.0,25.0,4387.0
594,200.0,49.0,4387.0
595,200.0,46.0,4387.0
596,212.5,58.0,4388.0
597,212.5,15.0,4388.0
598,212.5,62.0,4388.0
599,212.5,15.0,4388.0
600,237.5,70.0,4459.0
601,237.5,32.0,4459.0
602,237.5,28.0,4459.0
603,237.5,37.0,4459.0
604,237.5,38.0,4454.0
605,237.5,24.0,4454.0
606,237.5,80.0,4454.0
607,237.5,19.0,4454.0
608,150.0,46.0,4164.0
609,150.0,26.0,4164.0
610,150.0,29.0,4164.0
611,150.0,43.0,4164.0
612,187.5,76.0,2883.0
613,187.5,15.0,2883.0
614,187.5,34.0,2883.0
615,187.5,46.0,2883.0
616,200.0,75.0,2892.0
617,200.0,17.0,2892.0
618,200.0,53.0,2892.0
619,200.0,16.0,2892.0
620,187.5,53.0,2895.0
621,187.5,26.0,2895.0
622,187.5,66.0,2895.0
623,187.5,17.0,2895.0
624,200.0,51.0,2908.0
625,200.0,25.0,2908.0
626,200.0,44.0,2908.0
627,200.0,15.0,2908.0
628,150.0,34.0,4189.0
629,150.0,15.0,4189.0
630,150.0,39.0,4189.0
631,150.0,20.0,4189.0
632,237.5,45.0,4475.0
633,237.5,29.0,4475.0
634,237.5,98.0,4475.0
635,237.5,26.0,4475.0
636,225.0,51.0,4476.0
637,225.0,27.0,4476.0
638,225.0,91.0,4476.0
639,225.0,16.0,4476.0
640,200.0,61.0,3091.0
641,200.0,28.0,3091.0
642,200.0,50.0,3091.0
643,200.0,57.0,3091.0
644,212.5,29.0,3084.0
645,212.5,10.0,3084.0
646,212.5,46.0,3084.0
647,212.5,19.0,3084.0
648,200.0,75.0,3099.0
649,200.0,15.0,3099.0
650,200.0,52.0,3099.0
651,200.0,14.0,3099.0
652,150.0,31.0,3094.0
653,150.0,9.0,3094.0
654,150.0,52.0,3094.0
655,150.0,21.0,3094.0
656,187.5,36.0,4224.0
657,187.5,15.0,4224.0
658,187.5,35.0,4224.0
659,187.5,16.0,4224.0
660,175.0,26.0,4225.0
661,175.0,42.0,4225.0
662,175.0,32.0,4225.0
663,175.0,17.0,4225.0
664,187.5,61.0,4228.0
665,187.5,18.0,4228.0
666,187.5,31.0,4228.0
667,187.5,17.0,4228.0
668,175.0,101.0,4239.0
669,175.0,19.0,4239.0
670,175.0,56.0,4239.0
671,175.0,48.0,4239.0
672,187.5,56.0,4238.0
673,187.5,19.0,4238.0
674,187.5,45.0,4238.0
675,187.5,23.0,4238.0
676,175.0,34.0,4237.0
677,175.0,22.0,4237.0
678,175.0,39.0,4237.0
679,175.0,14.0,4237.0
680,200.0,35.0,2968.0
681,200.0,16.0,2968.0
682,200.0,31.0,2968.0
683,200.0,50.0,2968.0
684,175.0,34.0,2975.0
685,175.0,18.0,2975.0
686,175.0,31.0,2975.0
687,175.0,22.0,2975.0
688,200.0,66.0,2982.0
689,200.0,17.0,2982.0
690,200.0,85.0,2982.0
691,200.0,16.0,2982.0
692,175.0,36.0,2985.0
693,175.0,18.0,2985.0
694,175.0,90.0,2985.0
695,175.0,13.0,2985.0
696,200.0,29.0,2992.0
697,200.0,24.0,2992.0
698,200.0,37.0,2992.0
699,200.0,14.0,2992.0
700,175.0,48.0,2999.0
701,175.0,43.0,2999.0
702,175.0,66.0,2999.0
703,175.0,20.0,2999.0
704,200.0,82.0,3008.0
705,200.0,29.0,3008.0
706,200.0,82.0,3008.0
707,200.0,30.0,3008.0
708,200.0,36.0,2970.0
709,200.0,15.0,2970.0
710,200.0,47.0,2970.0
711,200.0,17.0,2970.0
712,162.5,51.0,4269.0
713,162.5,21.0,4269.0
714,162.5,44.0,4269.0
715,162.5,18.0,4269.0
716,162.5,91.0,4270.0
717,162.5,20.0,4270.0
718,162.5,91.0,4270.0
719,162.5,20.0,4270.0
720,162.5,33.0,4271.0
721,162.5,48.0,4271.0
722,162.5,73.0,4271.0
723,162.5,22.0,4271.0
724,162.5,29.0,4276.0
725,162.5,20.0,4276.0
726,162.5,44.0,4276.0
727,162.5,14.0,4276.0
728,200.0,46.0,2967.0
729,200.0,55.0,2967.0
730,200.0,38.0,2967.0
731,200.0,72.0,2967.0
732,200.0,33.0,4344.0
733,200.0,48.0,4344.0
734,200.0,19.0,4344.0
735,200.0,6.0,4344.0
736,187.5,52.0,4343.0
737,187.5,24.0,4343.0
738,187.5,11.0,4343.0
739,187.5,8.0,4343.0
740,225.0,97.0,4502.0
741,225.0,17.0,4502.0
742,225.0,13.0,4502.0
743,225.0,7.0,4502.0
744,212.5,72.0,4501.0
745,212.5,18.0,4501.0
746,212.5,32.0,4501.0
747,212.5,6.0,4501.0
748,200.0,79.0,4352.0
749,200.0,14.0,4352.0
750,200.0,20.0,4352.0
751,200.0,6.0,4352.0
752,187.5,93.0,4347.0
753,187.5,30.0,4347.0
754,187.5,30.0,4347.0
755,187.5,8.0,4347.0
756,200.0,85.0,4358.0
757,200.0,24.0,4358.0
758,200.0,16.0,4358.0
759,200.0,9.0,4358.0
760,150.0,36.0,4168.0
761,150.0,15.0,4168.0
762,150.0,51.0,4168.0
763,150.0,27.0,4168.0
764,150.0,28.0,4167.0
765,150.0,49.0,4167.0
766,150.0,29.0,4167.0
767,150.0,25.0,4167.0
768,150.0,80.0,4174.0
769,150.0,14.0,4174.0
770,150.0,78.0,4174.0
771,150.0,32.0,4174.0
772,212.5,96.0,4389.0
773,212.5,33.0,4389.0
774,212.5,63.0,4389.0
775,212.5,23.0,4389.0
776,212.5,46.0,4390.0
777,212.5,47.0,4390.0
778,212.5,71.0,4390.0
779,212.5,13.0,4390.0
780,150.0,45.0,4169.0
781,150.0,70.0,4169.0
782,150.0,93.0,4169.0
783,150.0,20.0,4169.0
784,150.0,25.0,2593.0
785,150.0,27.0,2593.0
786,150.0,34.0,2593.0
787,150.0,59.0,2593.0
788,175.0,25.0,4504.0
789,175.0,21.0,4504.0
790,175.0,33.0,4504.0
791,175.0,16.0,4504.0
792,175.0,92.0,4507.0
793,175.0,18.0,4507.0
794,175.0,86.0,4507.0
795,175.0,24.0,4507.0
796,175.0,70.0,4508.0
797,175.0,30.0,4508.0
798,175.0,30.0,4508.0
799,175.0,16.0,4508.0
800,175.0,69.0,4511.0
801,175.0,11.0,4511.0
802,175.0,77.0,4511.0
803,175.0,13.0,4511.0
804,150.0,42.0,4512.0
805,150.0,18.0,4512.0
806,150.0,38.0,4512.0
807,150.0,17.0,4512.0
808,175.0,76.0,4194.0
809,175.0,18.0,4194.0
810,175.0,56.0,4194.0
811,175.0,22.0,4194.0
812,150.0,70.0,4195.0
813,150.0,45.0,4195.0
814,150.0,65.0,4195.0
815,150.0,45.0,4195.0
816,175.0,72.0,4200.0
817,175.0,38.0,4200.0
818,175.0,72.0,4200.0
819,175.0,14.0,4200.0
820,150.0,109.0,4197.0
821,150.0,19.0,4197.0
822,150.0,59.0,4197.0
823,150.0,45.0,4197.0
824,175.0,52.0,4202.0
825,175.0,58.0,4202.0
826,175.0,49.0,4202.0
827,175.0,17.0,4202.0
828,150.0,91.0,4203.0
829,150.0,20.0,4203.0
830,150.0,39.0,4203.0
831,150.0,49.0,4203.0
832,212.5,42.0,4486.0
833,212.5,47.0,4486.0
834,212.5,39.0,4486.0
835,212.5,41.0,4486.0
836,200.0,26.0,4485.0
837,200.0,26.0,4485.0
838,200.0,17.0,4485.0
839,200.0,29.0,4485.0
840,212.5,83.0,4490.0
841,212.5,19.0,4490.0
842,212.5,27.0,4490.0
843,212.5,21.0,4490.0
844,212.5,85.0,4549.0
845,212.5,21.0,4549.0
846,212.5,33.0,4549.0
847,212.5,30.0,4549.0
848,225.0,97.0,4548.0
849,225.0,27.0,4548.0
850,225.0,70.0,4548.0
851,225.0,25.0,4548.0
852,200.0,34.0,2868.0
853,200.0,18.0,2868.0
854,200.0,63.0,2868.0
855,200.0,21.0,2868.0
856,187.5,39.0,2877.0
857,187.5,17.0,2877.0
858,187.5,61.0,2877.0
859,187.5,21.0,2877.0
860,200.0,69.0,2888.0
861,200.0,19.0,2888.0
862,200.0,45.0,2888.0
863,200.0,42.0,2888.0
864,187.5,42.0,2889.0
865,187.5,64.0,2889.0
866,187.5,73.0,2889.0
867,187.5,30.0,2889.0
868,200.0,67.0,2900.0
869,200.0,33.0,2900.0
870,200.0,91.0,2900.0
871,200.0,13.0,2900.0
872,187.5,57.0,2903.0
873,187.5,17.0,2903.0
874,187.5,89.0,2903.0
875,187.5,22.0,2903.0
876,175.0,65.0,3122.0
877,175.0,16.0,3122.0
878,175.0,32.0,3122.0
879,175.0,64.0,3122.0
880,162.5,76.0,3121.0
881,162.5,13.0,3121.0
882,162.5,57.0,3121.0
883,162.5,21.0,3121.0
884,175.0,22.0,4668.0
885,175.0,42.0,4668.0
886,175.0,26.0,4668.0
887,175.0,19.0,4668.0
888,162.5,66.0,4669.0
889,162.5,19.0,4669.0
890,162.5,28.0,4669.0
891,162.5,13.0,4669.0
892,175.0,30.0,4664.0
893,175.0,11.0,4664.0
894,175.0,28.0,4664.0
895,175.0,18.0,4664.0
896,162.5,102.0,4665.0
897,162.5,22.0,4665.0
898,162.5,54.0,4665.0
899,162.5,56.0,4665.0
900,150.0,39.0,4623.0
901,150.0,12.0,4623.0
902,150.0,59.0,4623.0
903,150.0,28.0,4623.0
904,175.0,45.0,4626.0
905,175.0,21.0,4626.0
906,175.0,64.0,4626.0
907,175.0,12.0,4626.0
908,175.0,72.0,4625.0
909,175.0,24.0,4625.0
910,175.0,28.0,4625.0
911,175.0,50.0,4625.0
912,175.0,45.0,4634.0
913,175.0,65.0,4634.0
914,175.0,53.0,4634.0
915,175.0,14.0,4634.0
916,175.0,85.0,4629.0
917,175.0,29.0,4629.0
918,175.0,60.0,4629.0
919,175.0,29.0,4629.0
920,175.0,33.0,4630.0
921,175.0,15.0,4630.0
922,175.0,21.0,4630.0
923,175.0,13.0,4630.0
924,212.5,43.0,4647.0
925,212.5,28.0,4647.0
926,212.5,35.0,4647.0
927,212.5,14.0,4647.0
928,250.0,31.0,1364.0
929,250.0,22.0,1364.0
930,250.0,37.0,1364.0
931,250.0,14.0,1364.0
932,250.0,56.0,1363.0
933,250.0,30.0,1363.0
934,250.0,66.0,1363.0
935,250.0,20.0,1363.0
936,250.0,50.0,4435.0
937,250.0,18.0,4435.0
938,250.0,92.0,4435.0
939,250.0,18.0,4435.0
940,250.0,91.0,4436.0
941,250.0,26.0,4436.0
942,250.0,92.0,4436.0
943,250.0,15.0,4436.0
944,187.5,29.0,4723.0
945,187.5,22.0,4723.0
946,187.5,32.0,4723.0
947,187.5,43.0,4723.0
948,187.5,50.0,4726.0
949,187.5,54.0,4726.0
950,187.5,84.0,4726.0
951,187.5,24.0,4726.0
952,187.5,29.0,4725.0
953,187.5,66.0,4725.0
954,187.5,87.0,4725.0
955,187.5,19.0,4725.0
956,162.5,53.0,4705.0
957,162.5,13.0,4705.0
958,162.5,49.0,4705.0
959,162.5,58.0,4705.0
960,150.0,28.0,4706.0
961,150.0,11.0,4706.0
962,150.0,14.0,4706.0
963,150.0,9.0,4706.0
964,187.5,72.0,4730.0
965,187.5,22.0,4730.0
966,187.5,86.0,4730.0
967,187.5,22.0,4730.0
968,225.0,81.0,4536.0
969,225.0,12.0,4536.0
970,526.5,6.0,4536.0
971,225.0,21.0,4536.0
972,526.5,3.0,4536.0
973,225.0,5.0,4536.0
974,212.5,88.0,4525.0
975,212.5,17.0,4525.0
976,497.2,5.0,4525.0
977,212.5,10.0,4525.0
978,497.2,3.0,4525.0
979,212.5,15.0,4525.0
980,225.0,98.0,4528.0
981,225.0,10.0,4528.0
982,526.5,6.0,4528.0
983,225.0,10.0,4528.0
984,526.5,3.0,4528.0
985,225.0,5.0,4528.0
986,212.5,73.0,4529.0
987,212.5,19.0,4529.0
988,497.2,6.0,4529.0
989,212.5,11.0,4529.0
990,497.2,2.0,4529.0
991,212.5,4.0,4529.0
992,200.0,44.0,2870.0
993,200.0,16.0,2870.0
994,468.0,5.0,2870.0
995,200.0,9.0,2870.0
996,468.0,2.0,2870.0
997,200.0,4.0,2870.0
998,187.5,34.0,2867.0
999,187.5,20.0,2867.0
1000,438.8,8.0,2867.0
1001,187.5,14.0,2867.0
1002,438.8,4.0,2867.0
1003,187.5,8.0,2867.0
1004,237.5,33.0,4576.0
1005,237.5,17.0,4576.0
1006,237.5,32.0,4576.0
1007,237.5,32.0,4576.0
1008,212.5,47.0,4551.0
1009,212.5,45.0,4551.0
1010,212.5,85.0,4551.0
1011,212.5,18.0,4551.0
1012,225.0,79.0,4552.0
1013,225.0,14.0,4552.0
1014,225.0,45.0,4552.0
1015,225.0,16.0,4552.0
1016,87.5,76.0,4577.0
1017,87.5,17.0,4577.0
1018,87.5,88.0,4577.0
1019,87.5,18.0,4577.0
1020,237.5,65.0,4578.0
1021,237.5,34.0,4578.0
1022,237.5,58.0,4578.0
1023,237.5,21.0,4578.0
1024,237.5,53.0,4575.0
1025,237.5,22.0,4575.0
1026,237.5,79.0,4575.0
1027,237.5,12.0,4575.0
1028,200.0,30.0,2866.0
1029,200.0,56.0,2866.0
1030,200.0,36.0,2866.0
1031,200.0,31.0,2866.0
1032,187.5,57.0,2873.0
1033,187.5,16.0,2873.0
1034,187.5,57.0,2873.0
1035,187.5,19.0,2873.0
1036,200.0,69.0,2874.0
1037,200.0,31.0,2874.0
1038,200.0,76.0,2874.0
1039,200.0,17.0,2874.0
1040,187.5,62.0,2907.0
1041,187.5,31.0,2907.0
1042,187.5,61.0,2907.0
1043,187.5,23.0,2907.0
1044,237.5,81.0,4574.0
1045,237.5,25.0,4574.0
1046,237.5,30.0,4574.0
1047,237.5,11.0,4574.0
1048,237.5,98.0,4565.0
1049,237.5,15.0,4565.0
1050,237.5,19.0,4565.0
1051,237.5,22.0,4565.0
1052,237.5,51.0,4566.0
1053,237.5,53.0,4566.0
1054,237.5,39.0,4566.0
1055,237.5,7.0,4566.0
1056,237.5,59.0,4569.0
1057,237.5,20.0,4569.0
1058,237.5,30.0,4569.0
1059,237.5,18.0,4569.0
1060,212.5,52.0,3106.0
1061,212.5,11.0,3106.0
1062,212.5,1.0,3106.0
1063,187.5,92.0,3071.0
1064,187.5,23.0,3071.0
1065,187.5,10.0,3071.0
1066,187.5,7.0,3071.0
1067,237.5,35.0,1374.0
1068,237.5,16.0,1374.0
1069,237.5,28.0,1374.0
1070,237.5,41.0,1374.0
1071,237.5,34.0,1379.0
1072,237.5,44.0,1379.0
1073,237.5,79.0,1379.0
1074,237.5,34.0,1379.0
1075,237.5,85.0,1378.0
1076,237.5,12.0,1378.0
1077,237.5,55.0,1378.0
1078,237.5,45.0,1378.0
1079,237.5,83.0,1375.0
1080,237.5,27.0,1375.0
1081,237.5,92.0,1375.0
1082,237.5,32.0,1375.0
1083,237.5,64.0,1380.0
1084,237.5,29.0,1380.0
1085,237.5,87.0,1380.0
1086,237.5,17.0,1380.0
1087,237.5,41.0,1377.0
1088,237.5,28.0,1377.0
1089,237.5,80.0,1377.0
1090,237.5,32.0,1377.0
1091,187.5,27.0,152.0
1092,187.5,25.0,152.0
1093,187.5,45.0,152.0
1094,187.5,35.0,152.0
1095,175.0,69.0,145.0
1096,175.0,15.0,145.0
1097,175.0,100.0,145.0
1098,175.0,29.0,145.0
1099,187.5,75.0,146.0
1100,187.5,15.0,146.0
1101,187.5,55.0,146.0
1102,187.5,20.0,146.0
1103,175.0,86.0,147.0
1104,175.0,38.0,147.0
1105,175.0,113.0,147.0
1106,175.0,16.0,147.0
1107,187.5,49.0,148.0
1108,187.5,58.0,148.0
1109,187.5,48.0,148.0
1110,187.5,20.0,148.0
1111,175.0,55.0,149.0
1112,175.0,45.0,149.0
1113,175.0,98.0,149.0
1114,175.0,24.0,149.0
1115,187.5,62.0,150.0
1116,187.5,22.0,150.0
1117,187.5,98.0,150.0
1118,187.5,18.0,150.0
1119,175.0,65.0,151.0
1120,175.0,17.0,151.0
1121,175.0,54.0,151.0
1122,175.0,34.0,151.0
1123,200.0,29.0,2872.0
1124,200.0,14.0,2872.0
1125,200.0,36.0,2872.0
1126,200.0,32.0,2872.0
1127,187.5,42.0,2879.0
1128,187.5,15.0,2879.0
1129,187.5,71.0,2879.0
1130,187.5,11.0,2879.0
1131,200.0,34.0,2886.0
1132,200.0,16.0,2886.0
1133,200.0,28.0,2886.0
1134,200.0,21.0,2886.0
1135,187.5,73.0,2919.0
1136,187.5,19.0,2919.0
1137,187.5,87.0,2919.0
1138,187.5,16.0,2919.0
1139,200.0,47.0,2896.0
1140,200.0,18.0,2896.0
1141,200.0,43.0,2896.0
1142,200.0,60.0,2896.0
1143,187.5,77.0,2899.0
1144,187.5,30.0,2899.0
1145,187.5,87.0,2899.0
1146,187.5,16.0,2899.0
1147,200.0,61.0,2912.0
1148,200.0,32.0,2912.0
1149,200.0,75.0,2912.0
1150,200.0,40.0,2912.0
1151,162.5,28.0,4584.0
1152,162.5,23.0,4584.0
1153,162.5,32.0,4584.0
1154,162.5,18.0,4584.0
1155,162.5,31.0,4583.0
1156,162.5,13.0,4583.0
1157,162.5,24.0,4583.0
1158,162.5,19.0,4583.0
1159,162.5,34.0,4588.0
1160,162.5,19.0,4588.0
1161,162.5,55.0,4588.0
1162,162.5,15.0,4588.0
1163,162.5,54.0,4587.0
1164,162.5,13.0,4587.0
1165,162.5,62.0,4587.0
1166,162.5,14.0,4587.0
1167,162.5,58.0,4590.0
1168,162.5,19.0,4590.0
1169,162.5,61.0,4590.0
1170,162.5,15.0,4590.0
1171,162.5,45.0,4593.0
1172,162.5,48.0,4593.0
1173,162.5,66.0,4593.0
1174,162.5,25.0,4593.0
1175,162.5,17.0,4594.0
1176,162.5,9.0,4594.0
1177,162.5,22.0,4594.0
1178,162.5,10.0,4594.0
1179,162.5,70.0,4591.0
1180,162.5,18.0,4591.0
1181,162.5,35.0,4591.0
1182,162.5,40.0,4591.0
1183,200.0,32.0,2966.0
1184,200.0,21.0,2966.0
1185,200.0,34.0,2966.0
1186,200.0,19.0,2966.0
1187,175.0,65.0,2973.0
1188,175.0,30.0,2973.0
1189,175.0,43.0,2973.0
1190,175.0,23.0,2973.0
1191,200.0,52.0,2980.0
1192,200.0,21.0,2980.0
1193,200.0,35.0,2980.0
1194,200.0,55.0,2980.0
1195,175.0,76.0,2983.0
1196,175.0,21.0,2983.0
1197,175.0,91.0,2983.0
1198,175.0,20.0,2983.0
1199,200.0,77.0,2988.0
1200,200.0,15.0,2988.0
1201,200.0,52.0,2988.0
1202,200.0,61.0,2988.0
1203,175.0,78.0,2995.0
1204,175.0,27.0,2995.0
1205,175.0,108.0,2995.0
1206,175.0,21.0,2995.0
1207,200.0,64.0,3004.0
1208,200.0,17.0,3004.0
1209,200.0,44.0,3004.0
1210,200.0,13.0,3004.0
1211,175.0,24.0,3011.0
1212,175.0,17.0,3011.0
1213,175.0,29.0,3011.0
1214,175.0,20.0,3011.0
1215,175.0,68.0,2965.0
1216,175.0,35.0,2965.0
1217,175.0,83.0,2965.0
1218,175.0,14.0,2965.0
1219,200.0,34.0,2974.0
1220,200.0,45.0,2974.0
1221,200.0,36.0,2974.0
1222,200.0,15.0,2974.0
1223,175.0,81.0,2977.0
1224,175.0,23.0,2977.0
1225,175.0,66.0,2977.0
1226,175.0,24.0,2977.0
1227,200.0,72.0,2984.0
1228,200.0,26.0,2984.0
1229,200.0,51.0,2984.0
1230,200.0,57.0,2984.0
1231,175.0,66.0,2989.0
1232,175.0,18.0,2989.0
1233,175.0,87.0,2989.0
1234,175.0,23.0,2989.0
1235,200.0,56.0,2996.0
1236,200.0,29.0,2996.0
1237,200.0,35.0,2996.0
1238,200.0,18.0,2996.0
1239,175.0,84.0,3003.0
1240,175.0,19.0,3003.0
1241,175.0,31.0,3003.0
1242,175.0,21.0,3003.0
1243,175.0,84.0,2969.0
1244,175.0,17.0,2969.0
1245,175.0,37.0,2969.0
1246,175.0,22.0,2969.0
1247,200.0,31.0,2976.0
1248,200.0,22.0,2976.0
1249,200.0,36.0,2976.0
1250,200.0,15.0,2976.0
1251,175.0,96.0,2981.0
1252,175.0,17.0,2981.0
1253,175.0,35.0,2981.0
1254,175.0,19.0,2981.0
1255,200.0,74.0,2986.0
1256,200.0,22.0,2986.0
1257,200.0,69.0,2986.0
1258,200.0,34.0,2986.0
1259,175.0,72.0,2991.0
1260,175.0,16.0,2991.0
1261,175.0,48.0,2991.0
1262,175.0,49.0,2991.0
1263,200.0,47.0,3000.0
1264,200.0,56.0,3000.0
1265,200.0,57.0,3000.0
1266,200.0,35.0,3000.0
1267,175.0,89.0,3007.0
1268,175.0,35.0,3007.0
1269,175.0,47.0,3007.0
1270,175.0,24.0,3007.0
1271,150.0,93.0,4704.0
1272,150.0,23.0,4704.0
1273,150.0,37.0,4704.0
1274,150.0,17.0,4704.0
1275,162.5,42.0,4703.0
1276,162.5,24.0,4703.0
1277,162.5,26.0,4703.0
1278,162.5,17.0,4703.0
1279,225.0,41.0,4658.0
1280,225.0,22.0,4658.0
1281,225.0,24.0,4658.0
1282,225.0,14.0,4658.0
1283,212.5,66.0,4657.0
1284,212.5,51.0,4657.0
1285,212.5,24.0,4657.0
1286,212.5,19.0,4657.0
1287,225.0,51.0,4650.0
1288,225.0,25.0,4650.0
1289,225.0,50.0,4650.0
1290,225.0,14.0,4650.0
1291,212.5,107.0,4651.0
1292,212.5,48.0,4651.0
1293,212.5,34.0,4651.0
1294,212.5,23.0,4651.0
1295,225.0,55.0,4654.0
1296,225.0,30.0,4654.0
1297,225.0,42.0,4654.0
1298,225.0,15.0,4654.0
1299,162.5,36.0,4264.0
1300,162.5,28.0,4264.0
1301,162.5,35.0,4264.0
1302,162.5,29.0,4264.0
1303,162.5,38.0,4265.0
1304,162.5,81.0,4265.0
1305,162.5,59.0,4265.0
1306,162.5,16.0,4265.0
1307,162.5,87.0,4268.0
1308,162.5,15.0,4268.0
1309,162.5,117.0,4268.0
1310,162.5,17.0,4268.0
1311,162.5,109.0,4273.0
1312,162.5,17.0,4273.0
1313,162.5,108.0,4273.0
1314,162.5,17.0,4273.0
1315,162.5,56.0,4272.0
1316,162.5,69.0,4272.0
1317,162.5,53.0,4272.0
1318,162.5,79.0,4272.0
1319,162.5,76.0,4279.0
1320,162.5,42.0,4279.0
1321,162.5,46.0,4279.0
1322,162.5,21.0,4279.0
1323,162.5,75.0,4274.0
1324,162.5,20.0,4274.0
1325,162.5,101.0,4274.0
1326,162.5,22.0,4274.0
1327,162.5,106.0,4275.0
1328,162.5,29.0,4275.0
1329,162.5,111.0,4275.0
1330,162.5,24.0,4275.0
1331,200.0,63.0,4483.0
1332,200.0,71.0,4483.0
1333,200.0,86.0,4483.0
1334,200.0,20.0,4483.0
1335,212.5,52.0,4488.0
1336,212.5,80.0,4488.0
1337,212.5,67.0,4488.0
1338,212.5,31.0,4488.0
1339,200.0,88.0,4487.0
1340,200.0,29.0,4487.0
1341,200.0,49.0,4487.0
1342,200.0,17.0,4487.0
1343,212.5,58.0,4492.0
1344,212.5,75.0,4492.0
1345,212.5,50.0,4492.0
1346,212.5,57.0,4492.0
1347,200.0,67.0,4489.0
1348,200.0,71.0,4489.0
1349,200.0,92.0,4489.0
1350,200.0,18.0,4489.0
1351,237.5,87.0,4563.0
1352,237.5,22.0,4563.0
1353,237.5,41.0,4563.0
1354,237.5,55.0,4563.0
1355,237.5,81.0,4564.0
1356,237.5,10.0,4564.0
1357,237.5,71.0,4564.0
1358,237.5,13.0,4564.0
1359,237.5,109.0,4567.0
1360,237.5,46.0,4567.0
1361,237.5,56.0,4567.0
1362,237.5,25.0,4567.0
1363,237.5,92.0,4568.0
1364,237.5,35.0,4568.0
1365,237.5,107.0,4568.0
1366,237.5,21.0,4568.0
1367,237.5,100.0,4571.0
1368,237.5,12.0,4571.0
1369,237.5,30.0,4571.0
1370,237.5,53.0,4571.0
1371,212.5,78.0,4572.0
1372,212.5,17.0,4572.0
1373,212.5,37.0,4572.0
1374,212.5,28.0,4572.0
1375,200.0,78.0,4406.0
1376,200.0,25.0,4406.0
1377,200.0,99.0,4406.0
1378,200.0,19.0,4406.0
1379,187.5,83.0,4409.0
1380,187.5,72.0,4409.0
1381,187.5,130.0,4409.0
1382,187.5,25.0,4409.0
1383,200.0,54.0,4410.0
1384,200.0,71.0,4410.0
1385,200.0,120.0,4410.0
1386,200.0,17.0,4410.0
1387,187.5,71.0,4413.0
1388,187.5,84.0,4413.0
1389,187.5,73.0,4413.0
1390,187.5,79.0,4413.0
1391,200.0,126.0,4414.0
1392,200.0,17.0,4414.0
1393,200.0,112.0,4414.0
1394,200.0,21.0,4414.0
1395,162.5,128.0,4407.0
1396,162.5,27.0,4407.0
1397,162.5,122.0,4407.0
1398,162.5,33.0,4407.0
1399,175.0,28.0,2543.0
1400,175.0,34.0,2543.0
1401,175.0,22.0,2543.0
1402,175.0,33.0,2543.0
1403,162.5,56.0,2544.0
1404,162.5,15.0,2544.0
1405,162.5,59.0,2544.0
1406,162.5,12.0,2544.0
1407,237.5,46.0,2610.0
1408,237.5,9.0,2610.0
1409,237.5,42.0,2610.0
1410,237.5,11.0,2610.0
1411,287.5,46.0,2661.0
1412,287.5,8.0,2661.0
1413,287.5,6.0,2661.0
1414,287.5,3.0,2661.0
1415,275.0,10.0,2662.0
1416,275.0,6.0,2662.0
1417,275.0,22.0,2662.0
1418,275.0,15.0,2662.0
1419,175.0,27.0,2793.0
1420,175.0,26.0,2793.0
1421,175.0,28.0,2793.0
1422,175.0,11.0,2793.0
1423,162.5,56.0,2794.0
1424,162.5,15.0,2794.0
1425,162.5,51.0,2794.0
1426,162.5,16.0,2794.0
1427,162.5,49.0,2795.0
1428,162.5,14.0,2795.0
1429,162.5,28.0,2795.0
1430,162.5,24.0,2795.0
1431,162.5,53.0,2796.0
1432,162.5,18.0,2796.0
1433,162.5,51.0,2796.0
1434,162.5,24.0,2796.0
1435,162.5,22.0,2797.0
1436,162.5,24.0,2797.0
1437,162.5,27.0,2797.0
1438,162.5,38.0,2797.0
1439,162.5,26.0,2525.0
1440,162.5,35.0,2525.0
1441,162.5,29.0,2525.0
1442,162.5,37.0,2525.0
1443,162.5,55.0,2573.0
1444,162.5,6.0,2573.0
1445,162.5,58.0,2573.0
1446,162.5,7.0,2573.0
1447,150.0,65.0,2574.0
1448,150.0,10.0,2574.0
1449,150.0,57.0,2574.0
1450,150.0,18.0,2574.0
1451,187.5,30.0,2581.0
1452,187.5,37.0,2581.0
1453,187.5,28.0,2581.0
1454,187.5,11.0,2581.0
1455,187.5,38.0,2582.0
1456,187.5,12.0,2582.0
1457,187.5,63.0,2582.0
1458,187.5,12.0,2582.0
1459,175.0,19.0,2524.0
1460,175.0,22.0,2524.0
1461,175.0,30.0,2524.0
1462,175.0,21.0,2524.0
1463,162.5,34.0,2523.0
1464,162.5,16.0,2523.0
1465,162.5,37.0,2523.0
1466,162.5,26.0,2523.0
1467,175.0,42.0,2526.0
1468,175.0,15.0,2526.0
1469,175.0,46.0,2526.0
1470,175.0,8.0,2526.0
1471,162.5,43.0,2798.0
1472,162.5,24.0,2798.0
1473,162.5,49.0,2798.0
1474,162.5,14.0,2798.0
1475,212.5,58.0,2673.0
1476,212.5,17.0,2673.0
1477,212.5,52.0,2673.0
1478,212.5,23.0,2673.0
1479,225.0,56.0,2674.0
1480,225.0,9.0,2674.0
1481,225.0,29.0,2674.0
1482,225.0,27.0,2674.0
1483,175.0,56.0,4624.0
1484,175.0,9.0,4624.0
1485,175.0,29.0,4624.0
1486,175.0,27.0,4624.0
1487,175.0,66.0,4627.0
1488,175.0,9.0,4627.0
1489,175.0,38.0,4627.0
1490,175.0,29.0,4627.0
1491,175.0,53.0,4628.0
1492,175.0,14.0,4628.0
1493,175.0,48.0,4628.0
1494,175.0,18.0,4628.0
1495,162.5,18.0,4631.0
1496,162.5,20.0,4631.0
1497,162.5,46.0,4631.0
1498,162.5,14.0,4631.0
1499,200.0,8.0,2978.0
1500,200.0,11.0,2978.0
1501,200.0,32.0,2978.0
1502,200.0,21.0,2978.0
1503,187.5,8.0,4345.0
1504,187.5,6.0,4345.0
1505,187.5,51.0,4345.0
1506,187.5,52.0,4345.0
1507,200.0,13.0,4348.0
1508,200.0,19.0,4348.0
1509,200.0,83.0,4348.0
1510,200.0,27.0,4348.0
1511,187.5,23.0,4351.0
1512,187.5,9.0,4351.0
1513,187.5,100.0,4351.0
1514,187.5,28.0,4351.0
1515,200.0,5.0,4354.0
1516,200.0,5.0,4354.0
1517,200.0,75.0,4354.0
1518,200.0,21.0,4354.0
1519,187.5,9.0,4342.0
1520,187.5,5.0,4342.0
1521,187.5,80.0,4342.0
1522,187.5,43.0,4342.0
1523,187.5,14.0,4673.0
1524,187.5,6.0,4673.0
1525,438.8,14.0,4673.0
1526,187.5,27.0,4673.0
1527,438.8,4.0,4673.0
1528,187.5,7.0,4673.0
1529,187.5,15.0,4676.0
1530,187.5,18.0,4676.0
1531,438.8,4.0,4676.0
1532,187.5,9.0,4676.0
1533,438.8,2.0,4676.0
1534,187.5,4.0,4676.0
1535,262.5,19.0,4791.0
1536,262.5,5.0,4791.0
1537,614.2,11.0,4791.0
1538,262.5,10.0,4791.0
1539,614.2,5.0,4791.0
1540,262.5,6.0,4791.0
1541,212.5,9.0,4768.0
1542,212.5,19.0,4768.0
1543,497.2,1.0,4768.0
1544,212.5,5.0,4768.0
1545,212.5,2.0,4768.0
1546,187.5,27.0,4763.0
1547,187.5,5.0,4763.0
1548,438.8,6.0,4763.0
1549,187.5,10.0,4763.0
1550,438.8,3.0,4763.0
1551,187.5,6.0,4763.0
1552,137.5,6.0,2663.0
1553,137.5,4.0,2663.0
1554,321.8,2.0,2663.0
1555,137.5,7.0,2663.0
1556,321.8,2.0,2663.0
1557,137.5,6.0,2663.0
1558,162.5,27.0,2605.0
1559,162.5,5.0,2605.0
1560,162.5,27.0,2605.0
1561,162.5,5.0,2605.0
1562,175.0,6.0,2606.0
1563,175.0,4.0,2606.0
1564,175.0,13.0,2606.0
1565,175.0,7.0,2606.0
1566,187.5,9.0,2521.0
1567,187.5,5.0,2521.0
1568,187.5,15.0,2521.0
1569,187.5,9.0,2521.0
1570,200.0,3.0,2522.0
1571,200.0,2.0,2522.0
1572,200.0,3.0,2522.0
1573,200.0,2.0,2522.0
1574,162.5,21.0,4213.0
1575,162.5,6.0,4213.0
1576,162.5,23.0,4213.0
1577,162.5,6.0,4213.0
1578,150.0,32.0,4214.0
1579,150.0,6.0,4214.0
1580,150.0,19.0,4214.0
1581,150.0,19.0,4214.0
1582,275.0,22.0,5163.0
1583,275.0,11.0,5163.0
1584,275.0,13.0,5163.0
1585,275.0,7.0,5163.0
1586,275.0,10.0,5164.0
1587,275.0,5.0,5164.0
1588,275.0,10.0,5164.0
1589,275.0,5.0,5164.0
1590,275.0,3.0,5165.0
1591,275.0,1.0,5165.0
1592,275.0,2.0,5165.0
1593,275.0,1.0,5165.0
1594,225.0,23.0,5093.0
1595,225.0,5.0,5093.0
1596,225.0,7.0,5093.0
1597,225.0,5.0,5093.0
1598,237.5,8.0,5094.0
1599,237.5,10.0,5094.0
1600,237.5,8.0,5094.0
1601,237.5,9.0,5094.0
1602,275.0,28.0,5166.0
1603,275.0,6.0,5166.0
1604,275.0,24.0,5166.0
1605,275.0,6.0,5166.0
1606,337.5,19.0,5123.0
1607,337.5,5.0,5123.0
1608,337.5,31.0,5123.0
1609,337.5,5.0,5123.0
1610,287.5,34.0,5124.0
1611,287.5,7.0,5124.0
1612,287.5,34.0,5124.0
1613,287.5,7.0,5124.0
1614,287.5,19.0,5126.0
1615,287.5,8.0,5126.0
1616,287.5,16.0,5126.0
1617,287.5,8.0,5126.0
1618,325.0,22.0,5127.0
1619,325.0,12.0,5127.0
1620,325.0,25.0,5127.0
1621,325.0,11.0,5127.0
1622,287.5,24.0,5128.0
1623,287.5,29.0,5128.0
1624,287.5,33.0,5128.0
1625,287.5,17.0,5128.0
1626,150.0,14.0,2583.0
1627,150.0,21.0,2583.0
1628,150.0,21.0,2583.0
1629,150.0,24.0,2583.0
1630,212.5,38.0,4543.0
1631,212.5,10.0,4543.0
1632,212.5,49.0,4543.0
1633,212.5,26.0,4543.0
1634,225.0,37.0,4546.0
1635,225.0,9.0,4546.0
1636,225.0,56.0,4546.0
1637,225.0,9.0,4546.0
1638,137.5,14.0,2586.0
1639,137.5,30.0,2586.0
1640,137.5,23.0,2586.0
1641,137.5,41.0,2586.0
1642,212.5,36.0,4764.0
1643,212.5,5.0,4764.0
1644,212.5,68.0,4764.0
1645,212.5,12.0,4764.0
1646,187.5,37.0,4765.0
1647,187.5,10.0,4765.0
1648,187.5,36.0,4765.0
1649,187.5,44.0,4765.0
1650,212.5,19.0,3076.0
1651,212.5,7.0,3076.0
1652,212.5,23.0,3076.0
1653,212.5,10.0,3076.0
1654,212.5,16.0,3063.0
1655,212.5,12.0,3063.0
1656,212.5,23.0,3063.0
1657,212.5,10.0,3063.0
1658,262.5,20.0,4400.0
1659,262.5,3.0,4400.0
1660,262.5,13.0,4400.0
1661,262.5,16.0,4400.0
1662,262.5,13.0,4393.0
1663,262.5,12.0,4393.0
1664,262.5,17.0,4393.0
1665,262.5,21.0,4393.0
1666,262.5,21.0,4394.0
1667,262.5,3.0,4394.0
1668,262.5,20.0,4394.0
1669,262.5,4.0,4394.0
1670,50.0,20.0,2597.0
1671,50.0,6.0,2597.0
1672,50.0,10.0,2597.0
1673,50.0,6.0,2597.0
1674,200.0,14.0,2598.0
1675,200.0,4.0,2598.0
1676,200.0,8.0,2598.0
1677,200.0,10.0,2598.0
1678,225.0,21.0,2599.0
1679,225.0,4.0,2599.0
1680,225.0,11.0,2599.0
1681,225.0,5.0,2599.0
1682,50.0,10.0,2600.0
1683,50.0,6.0,2600.0
1684,50.0,13.0,2600.0
1685,50.0,13.0,2600.0
1686,50.0,20.0,2601.0
1687,50.0,5.0,2601.0
1688,50.0,11.0,2601.0
1689,50.0,12.0,2601.0
1690,225.0,9.0,2602.0
1691,225.0,4.0,2602.0
1692,225.0,9.0,2602.0
1693,225.0,13.0,2602.0
1694,200.0,5.0,2603.0
1695,200.0,2.0,2603.0
1696,200.0,4.0,2603.0
1697,200.0,2.0,2603.0
1698,50.0,12.0,2604.0
1699,50.0,4.0,2604.0
1700,50.0,18.0,2604.0
1701,50.0,5.0,2604.0
1702,187.5,24.0,4334.0
1703,187.5,5.0,4334.0
1704,187.5,22.0,4334.0
1705,187.5,4.0,4334.0
1706,187.5,18.0,4333.0
1707,187.5,7.0,4333.0
1708,187.5,27.0,4333.0
1709,187.5,7.0,4333.0
1710,187.5,27.0,4336.0
1711,187.5,6.0,4336.0
1712,187.5,14.0,4336.0
1713,187.5,15.0,4336.0
1714,187.5,30.0,4337.0
1715,187.5,8.0,4337.0
1716,187.5,29.0,4337.0
1717,187.5,9.0,4337.0
1718,212.5,25.0,4360.0
1719,212.5,4.0,4360.0
1720,212.5,26.0,4360.0
1721,212.5,5.0,4360.0
1722,200.0,17.0,4359.0
1723,200.0,17.0,4359.0
1724,200.0,15.0,4359.0
1725,200.0,23.0,4359.0
1726,212.5,22.0,4350.0
1727,212.5,7.0,4350.0
1728,212.5,14.0,4350.0
1729,212.5,14.0,4350.0
1730,200.0,16.0,4349.0
1731,200.0,9.0,4349.0
1732,200.0,28.0,4349.0
1733,200.0,10.0,4349.0
1734,162.5,21.0,4522.0
1735,162.5,11.0,4522.0
1736,162.5,87.0,4522.0
1737,162.5,10.0,4522.0
1738,150.0,20.0,4517.0
1739,150.0,18.0,4517.0
1740,150.0,65.0,4517.0
1741,150.0,13.0,4517.0
1742,162.5,19.0,4518.0
1743,162.5,6.0,4518.0
1744,162.5,56.0,4518.0
1745,162.5,24.0,4518.0
1746,162.5,28.0,2584.0
1747,162.5,7.0,2584.0
1748,162.5,43.0,2584.0
1749,162.5,21.0,2584.0
1750,150.0,24.0,2585.0
1751,150.0,9.0,2585.0
1752,150.0,61.0,2585.0
1753,150.0,15.0,2585.0
1754,225.0,20.0,4641.0
1755,225.0,6.0,4641.0
1756,225.0,62.0,4641.0
1757,225.0,33.0,4641.0
1758,225.0,31.0,4642.0
1759,225.0,7.0,4642.0
1760,225.0,80.0,4642.0
1761,225.0,24.0,4642.0
1762,175.0,27.0,2587.0
1763,175.0,6.0,2587.0
1764,175.0,15.0,2587.0
1765,175.0,5.0,2587.0
1766,187.5,18.0,2588.0
1767,187.5,7.0,2588.0
1768,187.5,30.0,2588.0
1769,187.5,8.0,2588.0
1770,175.0,24.0,2595.0
1771,175.0,9.0,2595.0
1772,175.0,24.0,2595.0
1773,175.0,5.0,2595.0
1774,187.5,26.0,2596.0
1775,187.5,8.0,2596.0
1776,187.5,30.0,2596.0
1777,187.5,8.0,2596.0
1778,137.5,15.0,4694.0
1779,137.5,5.0,4694.0
1780,137.5,28.0,4694.0
1781,137.5,5.0,4694.0
1782,150.0,14.0,4693.0
1783,150.0,19.0,4693.0
1784,150.0,14.0,4693.0
1785,150.0,19.0,4693.0
1786,137.5,28.0,4696.0
1787,137.5,5.0,4696.0
1788,137.5,23.0,4696.0
1789,137.5,6.0,4696.0
1790,137.5,14.0,4700.0
1791,137.5,19.0,4700.0
1792,137.5,23.0,4700.0
1793,137.5,6.0,4700.0
1794,150.0,26.0,4695.0
1795,150.0,7.0,4695.0
1796,150.0,23.0,4695.0
1797,150.0,6.0,4695.0
1798,112.5,52.0,2534.0
1799,112.5,12.0,2534.0
1800,112.5,46.0,2534.0
1801,112.5,10.0,2534.0
1802,200.0,53.0,2634.0
1803,200.0,11.0,2634.0
1804,200.0,53.0,2634.0
1805,200.0,11.0,2634.0
1806,200.0,10.0,2633.0
1807,200.0,13.0,2633.0
1808,200.0,26.0,2633.0
1809,200.0,13.0,2633.0
1810,100.0,42.0,2533.0
1811,100.0,13.0,2533.0
1812,100.0,30.0,2533.0
1813,100.0,26.0,2533.0
1814,225.0,28.0,2655.0
1815,225.0,11.0,2655.0
1816,225.0,37.0,2655.0
1817,225.0,12.0,2655.0
1818,212.5,48.0,2656.0
1819,212.5,9.0,2656.0
1820,212.5,25.0,2656.0
1821,212.5,14.0,2656.0
1822,150.0,29.0,2648.0
1823,150.0,27.0,2648.0
1824,150.0,31.0,2648.0
1825,150.0,34.0,2648.0
1826,150.0,46.0,2647.0
1827,150.0,10.0,2647.0
1828,150.0,49.0,2647.0
1829,150.0,16.0,2647.0
1830,200.0,54.0,4837.0
1831,200.0,10.0,4837.0
1832,200.0,32.0,4837.0
1833,200.0,19.0,4837.0
1834,200.0,48.0,4838.0
1835,200.0,9.0,4838.0
1836,200.0,35.0,4838.0
1837,200.0,17.0,4838.0
1838,150.0,32.0,2644.0
1839,150.0,8.0,2644.0
1840,150.0,13.0,2644.0
1841,150.0,7.0,2644.0
1842,150.0,41.0,2643.0
1843,150.0,8.0,2643.0
1844,150.0,43.0,2643.0
1845,150.0,13.0,2643.0
1846,150.0,50.0,2520.0
1847,150.0,11.0,2520.0
1848,150.0,25.0,2520.0
1849,150.0,44.0,2520.0
1850,150.0,22.0,2519.0
1851,150.0,10.0,2519.0
1852,150.0,26.0,2519.0
1853,150.0,10.0,2519.0
1854,150.0,58.0,2518.0
1855,150.0,7.0,2518.0
1856,150.0,25.0,2518.0
1857,150.0,12.0,2518.0
1858,150.0,13.0,2517.0
1859,150.0,6.0,2517.0
1860,150.0,17.0,2517.0
1861,150.0,10.0,2517.0
1862,200.0,16.0,2626.0
1863,200.0,22.0,2626.0
1864,200.0,16.0,2626.0
1865,200.0,11.0,2626.0
1866,212.5,3.0,2625.0
1867,212.5,2.0,2625.0
1868,212.5,25.0,2625.0
1869,212.5,12.0,2625.0
1870,225.0,43.0,2653.0
1871,225.0,13.0,2653.0
1872,225.0,23.0,2653.0
1873,225.0,25.0,2653.0
1874,237.5,30.0,2654.0
1875,237.5,26.0,2654.0
1876,237.5,25.0,2654.0
1877,237.5,13.0,2654.0
1878,250.0,37.0,2657.0
1879,250.0,20.0,2657.0
1880,250.0,45.0,2657.0
1881,250.0,11.0,2657.0
1882,250.0,30.0,2658.0
1883,250.0,12.0,2658.0
1884,250.0,8.0,2658.0
1885,250.0,3.0,2658.0
1886,225.0,16.0,4636.0
1887,225.0,15.0,4636.0
1888,225.0,16.0,4636.0
1889,225.0,28.0,4636.0
1890,225.0,57.0,4639.0
1891,225.0,10.0,4639.0
1892,225.0,65.0,4639.0
1893,225.0,10.0,4639.0
1894,225.0,32.0,4638.0
1895,225.0,12.0,4638.0
1896,225.0,39.0,4638.0
1897,225.0,12.0,4638.0
1898,162.5,35.0,4585.0
1899,162.5,15.0,4585.0
1900,162.5,60.0,4585.0
1901,162.5,15.0,4585.0
1902,162.5,32.0,4586.0
1903,162.5,15.0,4586.0
1904,162.5,32.0,4586.0
1905,162.5,6.0,4586.0
1906,212.5,20.0,4637.0
1907,212.5,37.0,4637.0
1908,212.5,19.0,4637.0
1909,212.5,17.0,4637.0
1910,187.5,31.0,2613.0
1911,187.5,34.0,2613.0
1912,187.5,32.0,2613.0
1913,187.5,8.0,2613.0
1914,200.0,46.0,2614.0
1915,200.0,16.0,2614.0
1916,200.0,19.0,2614.0
1917,200.0,9.0,2614.0
1918,187.5,45.0,2619.0
1919,187.5,8.0,2619.0
1920,187.5,16.0,2619.0
1921,187.5,26.0,2619.0
1922,200.0,33.0,2620.0
1923,200.0,17.0,2620.0
1924,200.0,21.0,2620.0
1925,200.0,15.0,2620.0
1926,250.0,6.0,2609.0
1927,250.0,4.0,2609.0
1928,325.0,16.0,5125.0
1929,325.0,11.0,5125.0
